mobile_name,processed_url
Vivo Y500 Pro,https://www.mobiledokan.co/product/vivo-y500-pro/
Xiaomi Pad Mini,https://www.mobiledokan.co/product/xiaomi-pad-mini/
Oppo A6 Pro 4G,https://www.mobiledokan.co/product/oppo-a6-pro/
Honor MagicPad 3 Pro,https://www.mobiledokan.co/product/honor-magicpad-3-pro/
Xiaomi 17 Pro,https://www.mobiledokan.co/product/xiaomi-17-pro/
Realme 15x (India),https://www.mobiledokan.co/product/realme-15x-india/
Vivo V60 Lite 4G,https://www.mobiledokan.co/product/vivo-v60-lite-4g/
Xiaomi Pad 8,https://www.mobiledokan.co/product/xiaomi-pad-8/
Xiaomi 15T Pro,https://www.mobiledokan.co/product/xiaomi-15t-pro/
Xiaomi Redmi Pad 2 Pro,https://www.mobiledokan.co/product/xiaomi-redmi-pad-2-pro/
Xiaomi 15T,https://www.mobiledokan.co/product/xiaomi-15t/
Xiaomi Pad 8 Pro,https://www.mobiledokan.co/product/xiaomi-pad-8-pro/
Honor X9d,https://www.mobiledokan.co/product/honor-x9d/
Symphony Max 60,https://www.mobiledokan.co/product/symphony-max-60/
Xiaomi 17 Fold,https://www.mobiledokan.co/product/xiaomi-17-fold/
Xiaomi 17,https://www.mobiledokan.co/product/xiaomi-17/
Honor X7d,https://www.mobiledokan.co/product/honor-x7d/
Xiaomi 17 Pro Max,https://www.mobiledokan.co/product/xiaomi-17-pro-max/
Vivo V60e,https://www.mobiledokan.co/product/vivo-v60e/
Vivo V60 Lite,https://www.mobiledokan.co/product/vivo-v60-lite/
Motorola Moto X70 Air,https://www.mobiledokan.co/product/motorola-moto-x70-air/
Huawei nova 14i,https://www.mobiledokan.co/product/huawei-nova-14i/
Doogee S200 Ultra,https://www.mobiledokan.co/product/doogee-s200-ultra/
Vivo X300 FE,https://www.mobiledokan.co/product/vivo-x300-fe/
Honor X5c Plus,https://www.mobiledokan.co/product/honor-x5c-plus/
Vivo V70 Lite,https://www.mobiledokan.co/product/vivo-v70-lite/
Samsung Galaxy M07,https://www.mobiledokan.co/product/samsung-galaxy-m07/
Xiaomi 17T Pro,https://www.mobiledokan.co/product/xiaomi-17t-pro/
Xiaomi 17T,https://www.mobiledokan.co/product/xiaomi-17t/
Itel A100C,https://www.mobiledokan.co/product/itel-a100c/
HMD Touch 4G,https://www.mobiledokan.co/product/hmd-touch-4g/
Itel A100,https://www.mobiledokan.co/product/itel-a100/
Oppo Reno15 Pro Max,https://www.mobiledokan.co/product/oppo-reno15-pro-max/
Itel TS Pro,https://www.mobiledokan.co/product/itel-ts-pro/
Samsung W26,https://www.mobiledokan.co/product/samsung-w26/
OnePlus 15R,https://www.mobiledokan.co/product/oneplus-15r/
Xiaomi Civi 6,https://www.mobiledokan.co/product/xiaomi-civi-6/
Xiaomi Mix Flip 3,https://www.mobiledokan.co/product/xiaomi-mix-flip-3/
Vivo X300 Pro,https://www.mobiledokan.co/product/vivo-x300-pro/
Tecno Spark 40,https://www.mobiledokan.co/product/tecno-spark-40/
Vivo Pad5e,https://www.mobiledokan.co/product/vivo-pad5e/
Vivo X300,https://www.mobiledokan.co/product/vivo-x300/
Vivo Watch GT 2,https://www.mobiledokan.co/product/vivo-watch-gt-2/
OnePlus Turbo,https://www.mobiledokan.co/product/oneplus-turbo/
Motorola Moto G100 (China),https://www.mobiledokan.co/product/motorola-moto-g100-china/
Vivo X400 Pro,https://www.mobiledokan.co/product/vivo-x400-pro/
Vivo Pad6,https://www.mobiledokan.co/product/vivo-pad6/
Motorola Edge 70,https://www.mobiledokan.co/product/motorola-edge-70/
Vivo X400,https://www.mobiledokan.co/product/vivo-x400/
Honor Magic8,https://www.mobiledokan.co/product/honor-magic8/
Oscal Tank 1,https://www.mobiledokan.co/product/oscal-tank-1/
Honor Magic8 Pro,https://www.mobiledokan.co/product/honor-magic8-pro/
Oppo Find X9 Pro,https://www.mobiledokan.co/product/oppo-find-x9-pro/
Oppo Find X9,https://www.mobiledokan.co/product/oppo-find-x9/
Oppo Watch S,https://www.mobiledokan.co/product/oppo-watch-s/
Xiaomi Redmi K90 Pro Max,https://www.mobiledokan.co/product/xiaomi-redmi-k90-pro-max/
Xiaomi 18 Pro,https://www.mobiledokan.co/product/xiaomi-18-pro/
Xiaomi 18 Pro Max,https://www.mobiledokan.co/product/xiaomi-18-pro-max/
Honor Watch 5 Pro,https://www.mobiledokan.co/product/honor-watch-5-pro/
Apple iPad Pro 13 (2025),https://www.mobiledokan.co/product/apple-ipad-pro-13-2025/
Oppo Pad 5,https://www.mobiledokan.co/product/oppo-pad-5/
Samsung Galaxy F18,https://www.mobiledokan.co/product/samsung-galaxy-f18/
Xiaomi 18,https://www.mobiledokan.co/product/xiaomi-18/
Apple iPad Pro 11 (2025),https://www.mobiledokan.co/product/apple-ipad-pro-11-2025/
ZTE nubia RedMagic 11 Pro,https://www.mobiledokan.co/product/zte-nubia-redmagic-11-pro/
Sony Xperia 1 VIII,https://www.mobiledokan.co/product/sony-xperia-1-viii/
ZTE nubia RedMagic 11 Pro+,https://www.mobiledokan.co/product/zte-nubia-redmagic-11-pro-plus/
Huawei Nova Flip S,https://www.mobiledokan.co/product/huawei-nova-flip-s/
OnePlus 15,https://www.mobiledokan.co/product/oneplus-15/
Huawei nova 14 Energy,https://www.mobiledokan.co/product/huawei-nova-14-energy/
Huawei nova 14 Lite,https://www.mobiledokan.co/product/huawei-nova-14-lite/
Oppo Find X9s,https://www.mobiledokan.co/product/oppo-find-x9s/
Xiaomi Redmi Watch 6,https://www.mobiledokan.co/product/xiaomi-redmi-watch-6/
Vivo V70e,https://www.mobiledokan.co/product/vivo-v70e/
Vivo iQOO 15,https://www.mobiledokan.co/product/vivo-iqoo-15/
Realme GT8 (China),https://www.mobiledokan.co/product/realme-gt8-china/
Realme GT8 Pro (China),https://www.mobiledokan.co/product/realme-gt8-pro-china/
Huawei Mate 70 Air,https://www.mobiledokan.co/product/huawei-mate-70-air/
Xiaomi Poco Pad M1,https://www.mobiledokan.co/product/xiaomi-poco-pad-m1/
ZTE Nubia Z80 Ultra,https://www.mobiledokan.co/product/zte-nubia-z80-ultra/
Acer Acerone Liquid S262F5,https://www.mobiledokan.co/product/acer-acerone-liquid-s262f5/
Xiaomi Redmi K90,https://www.mobiledokan.co/product/xiaomi-redmi-k90/
Honor Play10A,https://www.mobiledokan.co/product/honor-play10a/
Oukitel OT6 Pro,https://www.mobiledokan.co/product/oukitel-ot6-pro/
Nothing Phone (3a) Lite,https://www.mobiledokan.co/product/nothing-phone-3a-lite/
HMD Fusion 2,https://www.mobiledokan.co/product/hmd-fusion-2/
Xiaomi Pad 9 Pro,https://www.mobiledokan.co/product/xiaomi-pad-9-pro/
Xiaomi Pad 9,https://www.mobiledokan.co/product/xiaomi-pad-9/
Proton Infinity 8,https://www.mobiledokan.co/product/proton-infinity-8/
Vivo S50,https://www.mobiledokan.co/product/vivo-s50/
Vivo S50 Pro mini,https://www.mobiledokan.co/product/vivo-s50-pro-mini/
Realme C85 Pro,https://www.mobiledokan.co/product/realme-c85-pro/
OnePlus Ace 6 Turbo,https://www.mobiledokan.co/product/oneplus-ace-6-turbo/
Honor X6b Plus,https://www.mobiledokan.co/product/honor-x6b-plus/
Vivo iQOO Neo 11R,https://www.mobiledokan.co/product/vivo-iqoo-neo-11r/
Motorola Moto G67 Power,https://www.mobiledokan.co/product/motorola-moto-g67-power/
Vivo iQOO Neo11 (China),https://www.mobiledokan.co/product/vivo-iqoo-neo11-china/
Ulefone Armor Pad 5 Ultra,https://www.mobiledokan.co/product/ulefone-armor-pad-5-ultra/
Umidigi Note 100 4G,https://www.mobiledokan.co/product/umidigi-note-100-4g/
Vivo iQOO Neo11 (China),https://www.mobiledokan.co/product/vivo-iqoo-neo11/
Ulefone Armor Pad 5 Pro,https://www.mobiledokan.co/product/ulefone-armor-pad-5-pro/
Infinix Smart 11,https://www.mobiledokan.co/product/infinix-smart-11/
Xiaomi Redmi K100,https://www.mobiledokan.co/product/xiaomi-redmi-k100/
Xiaomi Redmi K100 Pro Max,https://www.mobiledokan.co/product/xiaomi-redmi-k100-pro-max/
Vivo iQOO 16,https://www.mobiledokan.co/product/vivo-iqoo-16/
ZTE nubia RedMagic 11 Pro (China),https://www.mobiledokan.co/product/zte-nubia-redmagic-11-pro-china/
Vivo Y19s 5G,https://www.mobiledokan.co/product/vivo-y19s-5g/
Motorola Moto G100s,https://www.mobiledokan.co/product/motorola-moto-g100s/
Realme C85,https://www.mobiledokan.co/product/realme-c85/
Honor Magic9,https://www.mobiledokan.co/product/honor-magic9/
Wiko T30,https://www.mobiledokan.co/product/wiko-t30/
OnePlus Ace 6 Pro Max,https://www.mobiledokan.co/product/oneplus-ace-6-pro-max/
Honor Magic9 Pro,https://www.mobiledokan.co/product/honor-magic9-pro/
Helio 45,https://www.mobiledokan.co/product/helio-45/
Oppo K15 Turbo Pro,https://www.mobiledokan.co/product/oppo-k15-turbo-pro/
Oppo K15 Turbo,https://www.mobiledokan.co/product/oppo-k15-turbo/
Motorola Moto G57 Power,https://www.mobiledokan.co/product/motorola-moto-g57-power/
Motorola Moto G57,https://www.mobiledokan.co/product/motorola-moto-g57/
Honor X80,https://www.mobiledokan.co/product/honor-x80/
Cubot Note 60,https://www.mobiledokan.co/product/cubot-note-60/
OnePlus Ace 6T,https://www.mobiledokan.co/product/oneplus-ace-6t/
Motorola Edge 80,https://www.mobiledokan.co/product/motorola-edge-80/
Oppo Reno 15c,https://www.mobiledokan.co/product/oppo-reno-15c/
Realme C95 Pro,https://www.mobiledokan.co/product/realme-c95-pro/
ZTE Blade V80 Design,https://www.mobiledokan.co/product/zte-blade-v80-design/
Realme C95,https://www.mobiledokan.co/product/realme-c95/
Honor 500 Pro (China),https://www.mobiledokan.co/product/honor-500-pro-china/
Honor 500 (China),https://www.mobiledokan.co/product/honor-500-china/
Honor 500,https://www.mobiledokan.co/product/honor-500/
ZTE nubia S2R,https://www.mobiledokan.co/product/zte-nubia-s2r/
Huawei Mate X8,https://www.mobiledokan.co/product/huawei-mate-x8/
Honor 500 Pro,https://www.mobiledokan.co/product/honor-500-pro/
Motorola Moto G76,https://www.mobiledokan.co/product/motorola-moto-g76/
OnePlus Ace 7,https://www.mobiledokan.co/product/oneplus-ace-7/
OnePlus Pad 4,https://www.mobiledokan.co/product/oneplus-pad-4/
Motorola Moto G58,https://www.mobiledokan.co/product/motorola-moto-g58/
Huawei MatePad Edge,https://www.mobiledokan.co/product/huawei-matepad-edge/
Huawei Mate 80 Pro Max,https://www.mobiledokan.co/product/huawei-mate-80-pro-max/
Huawei Mate 80 RS Ultimate,https://www.mobiledokan.co/product/huawei-mate-80-rs-ultimate/
Huawei Mate 80,https://www.mobiledokan.co/product/huawei-mate-80/
Huawei Mate 80 Pro,https://www.mobiledokan.co/product/huawei-mate-80-pro/
Vivo X200T,https://www.mobiledokan.co/product/vivo-x200t/
Oppo Find X10 Pro,https://www.mobiledokan.co/product/oppo-find-x10-pro/
Xiaomi Redmi K90 Ultra,https://www.mobiledokan.co/product/xiaomi-redmi-k90-ultra/
HMD Terra M,https://www.mobiledokan.co/product/hmd-terra-m/
Oppo Pad 6,https://www.mobiledokan.co/product/oppo-pad-6/
Vivo iQOO Neo12 (China),https://www.mobiledokan.co/product/vivo-iqoo-neo12-china/
Acer Iconia Tab P11 (2025),https://www.mobiledokan.co/product/acer-iconia-tab-p11-2025/
Oppo Find X10,https://www.mobiledokan.co/product/oppo-find-x10/
Acer Iconia Tab P10 (2025),https://www.mobiledokan.co/product/acer-iconia-tab-p10-2025/
ZTE Blade V80 Pro,https://www.mobiledokan.co/product/zte-blade-v80-pro/
Xiaomi Poco Pad X1,https://www.mobiledokan.co/product/xiaomi-poco-pad-x1/
Realme P4x,https://www.mobiledokan.co/product/realme-p4x/
Oppo A6x,https://www.mobiledokan.co/product/oppo-a6x/
Motorola Moto G Stylus (2026),https://www.mobiledokan.co/product/motorola-moto-g-stylus-2026/
Xiaomi Black Shark Pad 7,https://www.mobiledokan.co/product/xiaomi-black-shark-pad-7/
Samsung Galaxy F08,https://www.mobiledokan.co/product/samsung-galaxy-f08/
Xiaomi Black Shark Pad 7 Pro,https://www.mobiledokan.co/product/xiaomi-black-shark-pad-7-pro/
Samsung Galaxy A77,https://www.mobiledokan.co/product/samsung-galaxy-a77/
Samsung Galaxy M08,https://www.mobiledokan.co/product/samsung-galaxy-m08/
ZTE nubia RedMagic 11 Air,https://www.mobiledokan.co/product/zte-nubia-redmagic-11-air/
Xiaomi Black Shark GS3 Ultra,https://www.mobiledokan.co/product/xiaomi-black-shark-gs3-ultra/
Honor Watch X5,https://www.mobiledokan.co/product/honor-watch-x5/
Huawei Mate X7,https://www.mobiledokan.co/product/huawei-mate-x7/
ZTE Nubia Flip3,https://www.mobiledokan.co/product/zte-nubia-flip3/
Xiaomi Poco F8 Ultra,https://www.mobiledokan.co/product/xiaomi-poco-f8-ultra/
Xiaomi Poco F8 Pro,https://www.mobiledokan.co/product/xiaomi-poco-f8-pro/
Realme 16 Pro+,https://www.mobiledokan.co/product/realme-16-pro-plus/
Realme 15 (India),https://www.mobiledokan.co/product/realme-15-india/
Huawei Pura X2,https://www.mobiledokan.co/product/huawei-pura-x2/
Oppo Reno16 Pro,https://www.mobiledokan.co/product/oppo-reno16-pro/
Oppo Reno16,https://www.mobiledokan.co/product/oppo-reno16/
Honor Play 60A,https://www.mobiledokan.co/product/honor-play-60a/
Motorola Edge 70 Ultra,https://www.mobiledokan.co/product/motorola-edge-70-ultra/
OnePlus Pad Go 2,https://www.mobiledokan.co/product/oneplus-pad-go-2/
Oppo A6,https://www.mobiledokan.co/product/oppo-a6/
Xiaomi Redmi Note 15 4G,https://www.mobiledokan.co/product/xiaomi-redmi-note-15-4g/
Oppo A6x 5G,https://www.mobiledokan.co/product/oppo-a6x-5g/
Vivo X300s,https://www.mobiledokan.co/product/vivo-x300s/
Samsung Galaxy Z TriFold,https://www.mobiledokan.co/product/samsung-galaxy-z-trifold/
Xiaomi Redmi Note 15 Pro,https://www.mobiledokan.co/product/xiaomi-redmi-note-15-pro/
ZTE Nubia Fold,https://www.mobiledokan.co/product/zte-nubia-fold/
Xiaomi Redmi Note 15 Pro+,https://www.mobiledokan.co/product/xiaomi-redmi-note-15-pro-plus/
Xiaomi Poco C85,https://www.mobiledokan.co/product/xiaomi-poco-c85/
Xiaomi Redmi Note 15,https://www.mobiledokan.co/product/xiaomi-redmi-note-15/
Realme Narzo 90 Lite,https://www.mobiledokan.co/product/realme-narzo-90-lite/
Infinix Note 60 Pro,https://www.mobiledokan.co/product/infinix-note-60-pro/
Realme Narzo 90x,https://www.mobiledokan.co/product/realme-narzo-90x/
Motorola Moto X70 Ultra,https://www.mobiledokan.co/product/motorola-moto-x70-ultra/
Oppo Pad Air 3,https://www.mobiledokan.co/product/oppo-pad-air-3/
Oppo A6L,https://www.mobiledokan.co/product/oppo-a6l/
Walton Orbit Y72,https://www.mobiledokan.co/product/walton-orbit-y72/
Honor X8d,https://www.mobiledokan.co/product/honor-x8d/
Infinix Note 60 Pro+,https://www.mobiledokan.co/product/infinix-note-60-pro-plus/
Realme Narzo 90 Pro,https://www.mobiledokan.co/product/realme-narzo-90-pro/
Infinix XPad Edge,https://www.mobiledokan.co/product/infinix-xpad-edge/
Lava Play Max,https://www.mobiledokan.co/product/lava-play-max/
Realme Narzo 90,https://www.mobiledokan.co/product/realme-narzo-90/
HMD 101,https://www.mobiledokan.co/product/hmd-101/
Honor Magic8 Lite,https://www.mobiledokan.co/product/honor-magic8-lite/
HMD 100,https://www.mobiledokan.co/product/hmd-100/
Vivo T5x,https://www.mobiledokan.co/product/vivo-t5x/
Infinix Note Edge,https://www.mobiledokan.co/product/infinix-note-edge/
OnePlus 15R Ace,https://www.mobiledokan.co/product/oneplus-15r-ace/
Xiaomi Poco X8 Pro Max,https://www.mobiledokan.co/product/xiaomi-poco-x8-pro-max/
Huawei MatePad 11.5 S (2026),https://www.mobiledokan.co/product/huawei-matepad-11-5-s-2026/
GDL GigaX Y11,https://www.mobiledokan.co/product/gdl-gigax-y11/
Ai+ Nova Flip,https://www.mobiledokan.co/product/ai-plus-nova-flip/
Honor Win,https://www.mobiledokan.co/product/honor-win/
OnePlus Watch Lite,https://www.mobiledokan.co/product/oneplus-watch-lite/
Honor Win RT,https://www.mobiledokan.co/product/honor-win-rt/
Vivo Y50s,https://www.mobiledokan.co/product/vivo-y50s/
OnePlus Watch 3 Lite,https://www.mobiledokan.co/product/oneplus-watch-3-lite/
Vivo Y50e,https://www.mobiledokan.co/product/vivo-y50e/
Oppo Pad Air 5,https://www.mobiledokan.co/product/oppo-pad-air-5/
Honor Magic V6,https://www.mobiledokan.co/product/honor-magic-v6/
Vivo V70 Elite,https://www.mobiledokan.co/product/vivo-v70-elite/
Lava Blaze Duo 3,https://www.mobiledokan.co/product/lava-blaze-duo-3/
Helio 55,https://www.mobiledokan.co/product/helio-55/
GDL G37,https://www.mobiledokan.co/product/gdl-g37/
Honor Magic 8S,https://www.mobiledokan.co/product/honor-magic-8s/
Oppo Reno15 Pro Mini,https://www.mobiledokan.co/product/oppo-reno15-pro-mini/
Honor Magic8 RSR Porsche Design,https://www.mobiledokan.co/product/honor-magic8-rsr-porsche-design/
HMD Vibe 2,https://www.mobiledokan.co/product/hmd-vibe-2/
Honor Magic8 Air,https://www.mobiledokan.co/product/honor-magic8-air/
Oppo Reno15 F,https://www.mobiledokan.co/product/oppo-reno15-f/
Ulefone Armor 34 Pro+,https://www.mobiledokan.co/product/ulefone-armor-34-pro-plus/
Ulefone Armor 34+,https://www.mobiledokan.co/product/ulefone-armor-34-plus/
OnePlus Turbo V,https://www.mobiledokan.co/product/oneplus-turbo-v/
Itel Zeno 20 Max,https://www.mobiledokan.co/product/itel-zeno-20-max/
Huawei MatePad 11.5 (2026),https://www.mobiledokan.co/product/huawei-matepad-11-5-2026/
Honor Pad X7 LTE,https://www.mobiledokan.co/product/honor-pad-x7-lte/
Oppo Reno15 FS,https://www.mobiledokan.co/product/oppo-reno15-fs/
Vivo iQOO Z11 Turbo,https://www.mobiledokan.co/product/vivo-iqoo-z11-turbo/
Vivo iQOO Z11 Turbo Pro,https://www.mobiledokan.co/product/vivo-iqoo-z11-turbo-pro/
Xiaomi Poco C81,https://www.mobiledokan.co/product/xiaomi-poco-c81/
Xiaomi Redmi A7 Pro,https://www.mobiledokan.co/product/xiaomi-redmi-a7-pro/
Walton NEXG N76,https://www.mobiledokan.co/product/walton-nexg-n76/
Apple iPhone Air 2,https://www.mobiledokan.co/product/apple-iphone-air-2/
Tecno Pova Curve 2,https://www.mobiledokan.co/product/tecno-pova-curve-2/
Motorola Moto X70 Air Pro,https://www.mobiledokan.co/product/motorola-moto-x70-air-pro/
Xiaomi Watch 5,https://www.mobiledokan.co/product/xiaomi-watch-5/
Vivo Y500i,https://www.mobiledokan.co/product/vivo-y500i/
Cubot KingKong Ace 5,https://www.mobiledokan.co/product/cubot-kingkong-ace-5/
OnePlus Nord CE6,https://www.mobiledokan.co/product/oneplus-nord-ce6/
Proton Glory i30,https://www.mobiledokan.co/product/proton-glory-i30/
Oppo A6t Pro,https://www.mobiledokan.co/product/oppo-a6t-pro/
OnePlus Turbo 6V,https://www.mobiledokan.co/product/oneplus-turbo-6v/
OnePlus Turbo 6,https://www.mobiledokan.co/product/oneplus-turbo-6/
Tecno Spark Go 3,https://www.mobiledokan.co/product/tecno-spark-go-3/
Tecno Pop 20,https://www.mobiledokan.co/product/tecno-pop-20/
RugOne Xever 7 Pro,https://www.mobiledokan.co/product/rugone-xever-7-pro/
RugOne Xever 7,https://www.mobiledokan.co/product/rugone-xever-7/
Oppo Reno15,https://www.mobiledokan.co/product/oppo-reno15/
Oppo Reno15 Pro,https://www.mobiledokan.co/product/oppo-reno15-pro/
Vivo iQOO Z11 Turbo+,https://www.mobiledokan.co/product/vivo-iqoo-z11-turbo-plus/
ZTE Nubia V80 Max,https://www.mobiledokan.co/product/zte-nubia-v80-max/
Vivo Y31D,https://www.mobiledokan.co/product/vivo-y31d/
Motorola Signature,https://www.mobiledokan.co/product/motorola-signature/
Oppo A6s,https://www.mobiledokan.co/product/oppo-a6s/
Xiaomi Redmi Turbo 5 Max,https://www.mobiledokan.co/product/xiaomi-redmi-turbo-5-max/
Honor Magic8 Pro Air,https://www.mobiledokan.co/product/honor-magic8-pro-air/
TCL NxtPaper 70 Pro,https://www.mobiledokan.co/product/tcl-nxtpaper-70-pro/
Realme 16 Pro,https://www.mobiledokan.co/product/realme-16-pro/
Motorola Razr Fold,https://www.mobiledokan.co/product/motorola-razr-fold/
Oppo A6 Pro (India),https://www.mobiledokan.co/product/oppo-a6-pro-india/
Realme Pad 3,https://www.mobiledokan.co/product/realme-pad-3/
Motorola Moto Watch,https://www.mobiledokan.co/product/motorola-moto-watch/
OnePlus 16,https://www.mobiledokan.co/product/oneplus-16/
Vivo iQOO Z11x,https://www.mobiledokan.co/product/vivo-iqoo-z11x/
Xiaomi Poco M8 Pro,https://www.mobiledokan.co/product/xiaomi-poco-m8-pro/
Vivo V70 FE,https://www.mobiledokan.co/product/vivo-v70-fe/
Samsung Galaxy M17e,https://www.mobiledokan.co/product/samsung-galaxy-m17e/
Xiaomi Poco M8,https://www.mobiledokan.co/product/xiaomi-poco-m8/
Vivo iQOO 15R,https://www.mobiledokan.co/product/vivo-iqoo-15r/
Symphony Max 30,https://www.mobiledokan.co/product/symphony-max-30/
Oppo Reno15 Pro (India),https://www.mobiledokan.co/product/oppo-reno15-pro-india/
HTC Wildfire E7 Life,https://www.mobiledokan.co/product/htc-wildfire-e7-life/
ZTE nubia S2e,https://www.mobiledokan.co/product/zte-nubia-s2e/
Oppo A6s 4G,https://www.mobiledokan.co/product/oppo-a6s-4g/
Samsung Galaxy A07,https://www.mobiledokan.co/product/samsung-galaxy-a07/
Oppo A6 5G,https://www.mobiledokan.co/product/oppo-a6-5g/
Oppo A6t,https://www.mobiledokan.co/product/oppo-a6t/
Xiaomi 17 Max,https://www.mobiledokan.co/product/xiaomi-17-max/
Oppo A6t 5G,https://www.mobiledokan.co/product/oppo-a6t-5g/
Realme P4 Power,https://www.mobiledokan.co/product/realme-p4-power/
Vivo iQOO 15 Ultra,https://www.mobiledokan.co/product/vivo-iqoo-15-ultra/
Oppo A6c,https://www.mobiledokan.co/product/oppo-a6c/
Ulefone Armor Watch Pro,https://www.mobiledokan.co/product/ulefone-armor-watch-pro/
Tecno MegaPad SE,https://www.mobiledokan.co/product/tecno-megapad-se/
Coolpad C35 Plus,https://www.mobiledokan.co/product/coolpad-c35-plus/
Ulefone RugKing Pad Pro,https://www.mobiledokan.co/product/ulefone-rugking-pad-pro/
Ulefone RugKing Pad 2 Pro,https://www.mobiledokan.co/product/ulefone-rugking-pad-2-pro/
